{
  "interactionModel": {
    "languageModel": {
      "invocationName": "flight trip",
      "intents": [
        {
          "name": "AMAZON.CancelIntent",
          "samples": []
        },
        {
          "name": "AMAZON.HelpIntent",
          "samples": []
        },
        {
          "name": "AMAZON.StopIntent",
          "samples": []
        },
        {
          "name": "HelloWorldIntent",
          "slots": [],
          "samples": [
            "hello",
            "how are you",
            "say hi world",
            "say hi",
            "hi",
            "say hello world",
            "say hello"
          ]
        },
        {
          "name": "AMAZON.NavigateHomeIntent",
          "samples": []
        },
        {
          "name": "AMAZON.FallbackIntent",
          "samples": []
        },
        {
          "name": "WhereToGoVacationIntent",
          "slots": [
            {
              "name": "FromCity",
              "type": "AMAZON.US_CITY"
            },
            {
              "name": "NumDays",
              "type": "AMAZON.NUMBER"
            },
            {
              "name": "DurationAmount",
              "type": "CUSTOMSLOT"
            },
            {
              "name": "NumCities",
              "type": "AMAZON.NUMBER"
            }
          ],
          "samples": [
            "What are the places to visit from {FromCity}",
            "Let me know the places to visit via {FromCity}",
            "Where can I go from {FromCity}",
            "Which are the possible destinations I can go to from {FromCity}",
            " I need a {DurationAmount} trip Plan it from {FromCity}",
            "When should I go for a family trip from {FromCity} I have {NumDays} days of leave",
            "Take me away from {FromCity} on a {DurationAmount} trip",
            "Plan my vacation from {FromCity} I need a {NumDays} day trip"
          ]
        },
        {
          "name": "AMAZON.PauseIntent",
          "samples": []
        },
        {
          "name": "AMAZON.ResumeIntent",
          "samples": []
        },
        {
          "name": "SearchCheapestFlightIntent",
          "slots": [
            {
              "name": "ToCity",
              "type": "AMAZON.US_CITY"
            },
            {
              "name": "FromCity",
              "type": "AMAZON.US_CITY"
            },
            {
              "name": "NumDays",
              "type": "AMAZON.NUMBER"
            },
            {
              "name": "DurationAmount",
              "type": "CUSTOMSLOT"
            }
          ],
          "samples": [
            "to {ToCity} from {FromCity}",
            "from {FromCity} to {ToCity}",
            "I\u0027d like to fly out of {FromCity} to {ToCity}",
            "Take me to {ToCity} from {FromCity}",
            "Plan a flight trip to {ToCity} from {FromCity}",
            "Tell me the cheapest flight to {ToCity} from {FromCity}",
            "Please check whether any flights are available from {FromCity} to {ToCity}",
            "What is the cheapest flight to {ToCity} from {FromCity}",
            "Are any flights available from {FromCity} to {ToCity}",
            "Check flights from {FromCity} to {ToCity}",
            "Search for flights from {FromCity} to {ToCity}",
            "Plan my trip from {FromCity} to {ToCity}",
            " I would like to travel from {FromCity} to {ToCity}",
            "I want to travel to {ToCity} from {FromCity}"
          ]
        }
      ],
      "types": [
        {
          "values": [
            {
              "name": {
                "value": "new york"
              }
            },
            {
              "name": {
                "value": "boston"
              }
            },
            {
              "name": {
                "value": "Mumbai"
              }
            },
            {
              "name": {
                "value": "Jaipur"
              }
            },
            {
              "name": {
                "value": "Pune"
              }
            },
            {
              "name": {
                "value": "Patna"
              }
            },
            {
              "name": {
                "value": "Kolkata"
              }
            },
            {
              "name": {
                "value": "Hyderabad"
              }
            },
            {
              "name": {
                "value": "Chennai"
              }
            },
            {
              "name": {
                "value": "Nainital"
              }
            },
            {
              "name": {
                "value": "Indore"
              }
            },
            {
              "name": {
                "value": "Manali"
              }
            }
          ],
          "name": "City"
        },
        {
          "values": [
            {
              "name": {
                "value": "Brief"
              }
            },
            {
              "name": {
                "value": "Small"
              }
            },
            {
              "name": {
                "value": "Short"
              }
            }
          ],
          "name": "CUSTOMSLOT"
        },
        {
          "values": [
            {
              "name": {
                "value": "boston"
              }
            },
            {
              "name": {
                "value": "new york"
              }
            }
          ],
          "name": "AMAZON.US_CITY"
        }
      ]
    }
  },
  "version": "44"
}